id;qualite;nom_usuel;prenom_usuel;nom_patronymique;prenom_civil;nom_marital;nom_distinctif;nom_majuscule;nom_technique;feminisation;date_debut;date_fin
1;c Granite;hacking Computer Bedfordshire;Tanzanie;indexing Quetzal wireless;a c;functionalities Franc;Mouse;Franche-Comté b;complexity;pink b;2022-01-15;2022-01-15
2;killer la;a Midi-Pyrénées capability;Gorgeous;yellow;c Bosnie-Herzégovine;panel;national sticky protocol;digital Stand-alone a;interactive;Kwacha backing Chili;2022-01-15;2022-01-15
3;copy Bedfordshire;Generic;FTP virtual;Inde program;Networked Kids Movies;needs-based Bolivar;Chair Pound parsing;portal;olive;Poitou-Charentes Monsieur-le-Prince;2022-01-14;2022-01-15
4;Metal SQL c;Kids driver;auxiliary withdrawal whiteboard;invoice;24/365 digital;FTP Bourgogne Loan;Computer;Seine magenta Cotton;zero AGP Monitored;GB Pants infomediaries;2022-01-15;2022-01-14
5;upward-trending Gloves;array;Berkshire expedite;Administrateur;monitor Paraguay;web;Saint-Honoré;invoice invoice Multi-tiered;Ergonomic a a;Shoes Rupiah Languedoc-Roussillon;2022-01-15;2022-01-15
6;parse;installation Portugal;seize back-end Dalasi;system-worthy Account;payment Wooden Beauty;Account Account Royale;payment Saint-Honoré;robust;Lorraine mindshare Administrateur;auxiliary PCI strategy;2022-01-15;2022-01-15
7;mobile;Buckinghamshire Dauphine;channels Pastourelle;Languedoc-Roussillon Cotton;Franche-Comté Movies neural;Home Leu Ouguiya;Provence-Alpes-Côte HTTP indexing;c Investment distributed;Poitou-Charentes Loan Buckinghamshire;cross-platform;2022-01-15;2022-01-15
8;Persistent Bedfordshire Account;tan Executif;green;Rustic holistic input;Corse;Small;calculating Tuna Auto;Mouse a;transmitter enhance;COM EXE;2022-01-14;2022-01-15
9;Steel;recontextualize Synchronised;overriding haptic interface;Account Multi-channelled Bacon;a Administrateur SCSI;Grocery;paradigms;Realigned;calculate Avon indigo;Bourgogne b Money;2022-01-15;2022-01-14
10;users hacking;Provence;solid;Reverse-engineered;Incredible;methodical;Cambridgeshire;Incredible PNG Soft;redundant Champagne-Ardenne;Pierre;2022-01-15;2022-01-15
