id;matricule;date_de_naissance;lieu_de_naissance;departement_de_naissance;date_de_deces;lieu_de_deces;departement_de_deces;profession;diplome;decoration;rang_protocolaire;csp_insee
1;connect Granite;2022-01-14;payment;19453;2022-01-15;Industrial Directeur Auvergne;57508;Wooden Rubber Belarussian;didactic;la Licensed Mouse;5399;Granite XSS withdrawal
2;Grass-roots;2022-01-15;silver whiteboard;16319;2022-01-15;withdrawal;64145;functionalities Tools;Checking Armenian;Computers repurpose;53188;Designer local reboot
3;digital orchid;2022-01-14;a a;89057;2022-01-14;1080p Grocery pixel;98403;a;PNG;Designer withdrawal Frozen;26751;migration Berkshire
4;a Basse-Normandie back;2022-01-15;Soap Dauphine Steel;74036;2022-01-14;Car reboot;90645;reinvent;c;deposit Guyane Self-enabling;63864;back
5;users Awesome;2022-01-14;Stagiaire deposit c;33441;2022-01-14;Berkshire;96436;relationships;navigate deposit Outdoors;productivity;60373;navigate Saint-Jacques Wooden
6;Games a;2022-01-15;Buckinghamshire de;98334;2022-01-15;Brunei Plastic Lempira;37436;a interactive purple;firewall Grocery;virtual Concrete Steel;78473;Granite 24/7 Wooden
7;reinvent Wooden;2022-01-15;navigating Sharable Metal;28704;2022-01-14;payment;91280;defect Keyboard redundant;c solid;online monitor;90394;Tugrik
8;b European;2022-01-15;withdrawal;48928;2022-01-14;Borders Checking;5716;cross-platform Buckinghamshire;redundant Soft;Ball Intelligent;48386;JSON
9;Horizontal deploy architectures;2022-01-14;circuit a;13747;2022-01-14;scale Plastic;35297;b Avon;Steel Plastic neural;deposit;34656;Small
10;bypassing;2022-01-15;Producteur Sterling;93040;2022-01-15;Account;76436;XML Soft;c;Unbranded;77076;drive turn-key function
